step,reward
17,17.0
34,17.0
71,37.0
83,12.0
94,11.0
119,25.0
132,13.0
151,19.0
170,19.0
188,18.0
203,15.0
234,31.0
253,19.0
264,11.0
279,15.0
293,14.0
307,14.0
321,14.0
341,20.0
365,24.0
398,33.0
421,23.0
459,38.0
485,26.0
540,55.0
588,48.0
623,35.0
651,28.0
679,28.0
694,15.0
714,20.0
731,17.0
779,48.0
802,23.0
881,79.0
969,88.0
1038,69.0
1104,66.0
1144,40.0
1223,79.0
1233,10.0
1391,158.0
1401,10.0
1503,102.0
1545,42.0
1668,123.0
1724,56.0
1913,189.0
1934,21.0
2090,156.0
2309,219.0
2550,241.0
2767,217.0
3098,331.0
3293,195.0
3481,188.0
3672,191.0
3853,181.0
4119,266.0
4329,210.0
4627,298.0
4886,259.0
5158,272.0
5343,185.0
5503,160.0
5716,213.0
5951,235.0
6164,213.0
6402,238.0
6658,256.0
6941,283.0
7228,287.0
7393,165.0
7667,274.0
7918,251.0
8198,280.0
8455,257.0
8779,324.0
9187,408.0
9436,249.0
9784,348.0
10051,267.0
10481,430.0
10814,333.0
11124,310.0
11134,10.0
11142,8.0
11153,11.0
11162,9.0
11172,10.0
11183,11.0
11193,10.0
11203,10.0
11211,8.0
11220,9.0
11231,11.0
11241,10.0
11250,9.0
11261,11.0
11270,9.0
11279,9.0
11290,11.0
11329,39.0
11341,12.0
11353,12.0
11365,12.0
11375,10.0
11387,12.0
11396,9.0
11406,10.0
11417,11.0
11427,10.0
11436,9.0
11447,11.0
11456,9.0
11465,9.0
11474,9.0
11484,10.0
11497,13.0
11511,14.0
11540,29.0
11588,48.0
11676,88.0
11851,175.0
12281,430.0
12557,276.0
12816,259.0
13010,194.0
13201,191.0
13402,201.0
13822,420.0
14251,429.0
14565,314.0
14954,389.0
15454,500.0
15731,277.0
16111,380.0
16611,500.0
17111,500.0
17611,500.0
18111,500.0
18611,500.0
19111,500.0
19487,376.0
19818,331.0
20121,303.0
20403,282.0
20820,417.0
21320,500.0
21642,322.0
21893,251.0
22393,500.0
22893,500.0
23279,386.0
23763,484.0
24263,500.0
24763,500.0
25263,500.0
25763,500.0
26043,280.0
26296,253.0
26585,289.0
26913,328.0
27272,359.0
27667,395.0
27862,195.0
28155,293.0
28475,320.0
28975,500.0
29475,500.0
29490,15.0
29510,20.0
29808,298.0
30308,500.0
30808,500.0
31125,317.0
31368,243.0
31385,17.0
31765,380.0
32265,500.0
32765,500.0
33265,500.0
33554,289.0
33915,361.0
34415,500.0
34915,500.0
35415,500.0
35431,16.0
35444,13.0
35631,187.0
35643,12.0
35659,16.0
35672,13.0
35685,13.0
35702,17.0
35719,17.0
35741,22.0
35788,47.0
35815,27.0
36315,500.0
36557,242.0
36567,10.0
36576,9.0
36584,8.0
36593,9.0
36601,8.0
36610,9.0
36618,8.0
36627,9.0
36636,9.0
36646,10.0
36654,8.0
36663,9.0
36673,10.0
36681,8.0
36690,9.0
36698,8.0
36707,9.0
36717,10.0
36726,9.0
36736,10.0
36746,10.0
36756,10.0
36765,9.0
36773,8.0
36783,10.0
36791,8.0
36802,11.0
36811,9.0
36821,10.0
36830,9.0
36843,13.0
36854,11.0
36864,10.0
36884,20.0
36926,42.0
36936,10.0
36947,11.0
36957,10.0
36967,10.0
36977,10.0
36986,9.0
36997,11.0
37006,9.0
37016,10.0
37026,10.0
37036,10.0
37046,10.0
37056,10.0
37067,11.0
37077,10.0
37087,10.0
37098,11.0
37108,10.0
37118,10.0
37127,9.0
37137,10.0
37146,9.0
37155,9.0
37165,10.0
37173,8.0
37184,11.0
37194,10.0
37203,9.0
37212,9.0
37221,9.0
37230,9.0
37239,9.0
37250,11.0
37260,10.0
37270,10.0
37282,12.0
37293,11.0
37306,13.0
37321,15.0
37344,23.0
37360,16.0
37390,30.0
37412,22.0
37437,25.0
37486,49.0
37531,45.0
37588,57.0
37659,71.0
37729,70.0
37797,68.0
38297,500.0
38797,500.0
39132,335.0
39632,500.0
40132,500.0
40383,251.0
40574,191.0
40744,170.0
40921,177.0
41101,180.0
41299,198.0
41799,500.0
41928,129.0
42068,140.0
42215,147.0
42345,130.0
42635,290.0
42808,173.0
42970,162.0
43159,189.0
43337,178.0
43502,165.0
43672,170.0
43845,173.0
44063,218.0
44299,236.0
44514,215.0
44735,221.0
45027,292.0
45425,398.0
45925,500.0
46425,500.0
46852,427.0
47352,500.0
47852,500.0
48352,500.0
48852,500.0
49352,500.0
49736,384.0
50138,402.0
50638,500.0
51138,500.0
51638,500.0
52138,500.0
52638,500.0
52930,292.0
53312,382.0
53498,186.0
53661,163.0
53786,125.0
53909,123.0
54044,135.0
54544,500.0
55044,500.0
55544,500.0
56044,500.0
56544,500.0
57044,500.0
57377,333.0
57789,412.0
58206,417.0
58680,474.0
59180,500.0
59680,500.0
60059,379.0
60502,443.0
60710,208.0
61210,500.0
61710,500.0
62210,500.0
62710,500.0
63210,500.0
63453,243.0
63953,500.0
64200,247.0
64504,304.0
65004,500.0
65340,336.0
65840,500.0
66340,500.0
66713,373.0
67213,500.0
67713,500.0
68000,287.0
68262,262.0
68341,79.0
68396,55.0
68601,205.0
68744,143.0
68813,69.0
68830,17.0
68927,97.0
69059,132.0
69352,293.0
69519,167.0
69687,168.0
70044,357.0
70193,149.0
70623,430.0
71123,500.0
71518,395.0
71812,294.0
72190,378.0
72547,357.0
73047,500.0
73328,281.0
73722,394.0
74101,379.0
74601,500.0
75012,411.0
75325,313.0
75825,500.0
76028,203.0
76310,282.0
76449,139.0
76845,396.0
77159,314.0
77478,319.0
77737,259.0
77992,255.0
78168,176.0
78511,343.0
78775,264.0
78794,19.0
78979,185.0
79121,142.0
79298,177.0
79523,225.0
80023,500.0
80266,243.0
80288,22.0
80312,24.0
80335,23.0
80443,108.0
80642,199.0
80978,336.0
81478,500.0
81978,500.0
82478,500.0
82978,500.0
83478,500.0
83737,259.0
83909,172.0
83936,27.0
83945,9.0
83955,10.0
83968,13.0
83978,10.0
83992,14.0
84011,19.0
84072,61.0
84184,112.0
84288,104.0
84788,500.0
84966,178.0
85131,165.0
85367,236.0
85636,269.0
85882,246.0
86382,500.0
86882,500.0
87382,500.0
87882,500.0
88382,500.0
88882,500.0
89382,500.0
89882,500.0
90382,500.0
90882,500.0
91064,182.0
91310,246.0
91485,175.0
91628,143.0
91810,182.0
92048,238.0
92351,303.0
92700,349.0
92901,201.0
93020,119.0
93520,500.0
94020,500.0
94178,158.0
94338,160.0
94835,497.0
94856,21.0
94877,21.0
94897,20.0
94931,34.0
94993,62.0
95074,81.0
95102,28.0
95125,23.0
95146,21.0
95172,26.0
95194,22.0
95211,17.0
95267,56.0
95368,101.0
95532,164.0
95705,173.0
95878,173.0
96378,500.0
96878,500.0
97378,500.0
97878,500.0
98378,500.0
98878,500.0
99116,238.0
99616,500.0
100116,500.0
100616,500.0
101116,500.0
101572,456.0
101966,394.0
102334,368.0
102778,444.0
103195,417.0
103619,424.0
104119,500.0
104619,500.0
105119,500.0
105596,477.0
105637,41.0
105649,12.0
105660,11.0
105669,9.0
105679,10.0
105689,10.0
105698,9.0
105706,8.0
105716,10.0
105846,130.0
105881,35.0
105913,32.0
105938,25.0
105975,37.0
106038,63.0
106188,150.0
106552,364.0
107052,500.0
107552,500.0
108052,500.0
108552,500.0
109052,500.0
109552,500.0
110052,500.0
110193,141.0
110693,500.0
111193,500.0
111693,500.0
112038,345.0
112538,500.0
113038,500.0
113228,190.0
113312,84.0
113812,500.0
114135,323.0
114635,500.0
115135,500.0
115439,304.0
115665,226.0
115798,133.0
115824,26.0
115838,14.0
115850,12.0
116350,500.0
116850,500.0
117307,457.0
117807,500.0
118307,500.0
118807,500.0
119307,500.0
119807,500.0
120307,500.0
120807,500.0
121307,500.0
121420,113.0
121552,132.0
121730,178.0
121959,229.0
122418,459.0
122918,500.0
123418,500.0
123918,500.0
124418,500.0
124711,293.0
125211,500.0
125711,500.0
126211,500.0
126711,500.0
127211,500.0
127711,500.0
127852,141.0
127971,119.0
128083,112.0
128192,109.0
128310,118.0
128810,500.0
129310,500.0
129446,136.0
129555,109.0
129675,120.0
129784,109.0
129935,151.0
130047,112.0
130206,159.0
130391,185.0
130627,236.0
131127,500.0
131627,500.0
132107,480.0
132234,127.0
132267,33.0
132308,41.0
132337,29.0
132372,35.0
132406,34.0
132558,152.0
132945,387.0
133445,500.0
133945,500.0
134445,500.0
134945,500.0
135445,500.0
135651,206.0
136151,500.0
136651,500.0
137151,500.0
137651,500.0
137983,332.0
138085,102.0
138325,240.0
138825,500.0
139315,490.0
139470,155.0
139575,105.0
139703,128.0
139940,237.0
140440,500.0
140940,500.0
141266,326.0
141588,322.0
141597,9.0
141606,9.0
141617,11.0
141627,10.0
141637,10.0
141647,10.0
141657,10.0
141667,10.0
141677,10.0
141688,11.0
141697,9.0
141706,9.0
141715,9.0
141724,9.0
141734,10.0
141743,9.0
141752,9.0
141763,11.0
141772,9.0
141781,9.0
141792,11.0
141839,47.0
141847,8.0
141857,10.0
141866,9.0
141874,8.0
141884,10.0
141893,9.0
141903,10.0
141913,10.0
141921,8.0
141931,10.0
141940,9.0
141948,8.0
141959,11.0
141969,10.0
141978,9.0
141988,10.0
141997,9.0
142009,12.0
142019,10.0
142031,12.0
142040,9.0
142049,9.0
142059,10.0
142068,9.0
142077,9.0
142087,10.0
142098,11.0
142107,9.0
142118,11.0
142127,9.0
142137,10.0
142148,11.0
142157,9.0
142167,10.0
142176,9.0
142186,10.0
142198,12.0
142223,25.0
142271,48.0
142357,86.0
142550,193.0
142800,250.0
143023,223.0
143196,173.0
143343,147.0
143491,148.0
143668,177.0
143810,142.0
143954,144.0
144098,144.0
144237,139.0
144369,132.0
144497,128.0
144629,132.0
144770,141.0
144904,134.0
145054,150.0
145194,140.0
145338,144.0
145484,146.0
145620,136.0
145779,159.0
145942,163.0
146108,166.0
146259,151.0
146436,177.0
146599,163.0
146794,195.0
147008,214.0
147351,343.0
147660,309.0
148160,500.0
148660,500.0
149160,500.0
149660,500.0
150160,500.0
150660,500.0
151160,500.0
151398,238.0
151559,161.0
151700,141.0
151792,92.0
151890,98.0
151985,95.0
152021,36.0
152053,32.0
152080,27.0
152106,26.0
152130,24.0
152156,26.0
152177,21.0
152201,24.0
152222,21.0
152241,19.0
152264,23.0
152282,18.0
152308,26.0
152326,18.0
152345,19.0
152364,19.0
152385,21.0
152405,20.0
152428,23.0
152455,27.0
152481,26.0
152509,28.0
152535,26.0
152559,24.0
152588,29.0
152622,34.0
152641,19.0
152662,21.0
152689,27.0
152718,29.0
152746,28.0
152779,33.0
152852,73.0
152946,94.0
153046,100.0
153274,228.0
153668,394.0
154168,500.0
154467,299.0
154967,500.0
155258,291.0
155758,500.0
156258,500.0
156758,500.0
157258,500.0
157758,500.0
158258,500.0
158758,500.0
159258,500.0
159758,500.0
160258,500.0
160758,500.0
161258,500.0
161758,500.0
162192,434.0
162518,326.0
162794,276.0
163013,219.0
163232,219.0
163427,195.0
163609,182.0
163842,233.0
164342,500.0
164469,127.0
164969,500.0
165131,162.0
165271,140.0
165684,413.0
165757,73.0
165767,10.0
165779,12.0
165790,11.0
165800,10.0
165810,10.0
165819,9.0
165827,8.0
165836,9.0
165846,10.0
165856,10.0
165867,11.0
165990,123.0
166117,127.0
166229,112.0
166347,118.0
166524,177.0
167024,500.0
167524,500.0
168024,500.0
168235,211.0
168379,144.0
168525,146.0
168660,135.0
168927,267.0
169283,356.0
169535,252.0
169722,187.0
169958,236.0
170102,144.0
170210,108.0
170226,16.0
170244,18.0
170261,17.0
170272,11.0
170282,10.0
170290,8.0
170300,10.0
170310,10.0
170319,9.0
170334,15.0
170345,11.0
170354,9.0
170364,10.0
170375,11.0
170385,10.0
170551,166.0
170730,179.0
171230,500.0
171728,498.0
172087,359.0
172373,286.0
172772,399.0
172954,182.0
173364,410.0
173580,216.0
173763,183.0
173901,138.0
174138,237.0
174248,110.0
174556,308.0
174984,428.0
175334,350.0
175459,125.0
175595,136.0
175840,245.0
175989,149.0
176114,125.0
176142,28.0
176160,18.0
176176,16.0
176186,10.0
176196,10.0
176206,10.0
176215,9.0
176224,9.0
176233,9.0
176242,9.0
176253,11.0
176262,9.0
176271,9.0
176438,167.0
176526,88.0
176622,96.0
176763,141.0
176947,184.0
177257,310.0
177446,189.0
177946,500.0
178446,500.0
178818,372.0
179253,435.0
179489,236.0
179681,192.0
180181,500.0
180681,500.0
181181,500.0
181681,500.0
182181,500.0
182628,447.0
182789,161.0
182948,159.0
183129,181.0
183277,148.0
183413,136.0
183567,154.0
183705,138.0
183845,140.0
183977,132.0
184093,116.0
184228,135.0
184375,147.0
184545,170.0
184665,120.0
184804,139.0
184950,146.0
185424,474.0
185539,115.0
185675,136.0
185794,119.0
185879,85.0
185964,85.0
186013,49.0
186040,27.0
186073,33.0
186114,41.0
186144,30.0
186169,25.0
186186,17.0
186197,11.0
186209,12.0
186220,11.0
186248,28.0
186289,41.0
186356,67.0
186599,243.0
186711,112.0
186852,141.0
186993,141.0
187123,130.0
187284,161.0
187425,141.0
187575,150.0
187833,258.0
187930,97.0
188074,144.0
188210,136.0
188479,269.0
188640,161.0
188791,151.0
188959,168.0
189153,194.0
189305,152.0
189452,147.0
189591,139.0
189729,138.0
189874,145.0
190029,155.0
190166,137.0
190330,164.0
190465,135.0
190626,161.0
190759,133.0
190884,125.0
191022,138.0
191263,241.0
191410,147.0
191550,140.0
191685,135.0
191821,136.0
191949,128.0
191977,28.0
192006,29.0
192033,27.0
192073,40.0
192116,43.0
192159,43.0
192204,45.0
192229,25.0
192322,93.0
192340,18.0
192430,90.0
192541,111.0
192659,118.0
192804,145.0
193042,238.0
193339,297.0
193635,296.0
193863,228.0
194180,317.0
194680,500.0
195014,334.0
195441,427.0
195725,284.0
195944,219.0
196209,265.0
196642,433.0
197100,458.0
197600,500.0
198100,500.0
198600,500.0
199037,437.0
199397,360.0
199756,359.0
200106,350.0
200380,274.0
200631,251.0
200879,248.0
201165,286.0
201665,500.0
202143,478.0
202378,235.0
202765,387.0
202791,26.0
202873,82.0
202985,112.0
203138,153.0
203178,40.0
203213,35.0
203246,33.0
203361,115.0
203542,181.0
203654,112.0
203761,107.0
204261,500.0
204761,500.0
205189,428.0
205210,21.0
205221,11.0
205243,22.0
205256,13.0
205303,47.0
205361,58.0
205448,87.0
205681,233.0
206181,500.0
206681,500.0
207181,500.0
207681,500.0
208181,500.0
208681,500.0
209181,500.0
209681,500.0
210181,500.0
210681,500.0
211129,448.0
211629,500.0
211935,306.0
212435,500.0
212919,484.0
213176,257.0
213482,306.0
213691,209.0
214138,447.0
214565,427.0
214954,389.0
215362,408.0
215572,210.0
215960,388.0
216460,500.0
216960,500.0
217179,219.0
217679,500.0
218157,478.0
218555,398.0
218910,355.0
219011,101.0
219084,73.0
219167,83.0
219254,87.0
219754,500.0
220036,282.0
220536,500.0
221036,500.0
221473,437.0
221667,194.0
222167,500.0
222333,166.0
222817,484.0
223098,281.0
223497,399.0
223685,188.0
223858,173.0
224115,257.0
224360,245.0
224746,386.0
224803,57.0
224890,87.0
225114,224.0
225614,500.0
225897,283.0
226051,154.0
226551,500.0
226719,168.0
226914,195.0
227223,309.0
227648,425.0
227912,264.0
228365,453.0
228391,26.0
228407,16.0
228478,71.0
228612,134.0
229112,500.0
229612,500.0
230112,500.0
230551,439.0
230826,275.0
231028,202.0
231528,500.0
232028,500.0
232515,487.0
232660,145.0
233160,500.0
233660,500.0
234160,500.0
234660,500.0
235027,367.0
235527,500.0
235702,175.0
235732,30.0
235764,32.0
235892,128.0
236051,159.0
236176,125.0
236676,500.0
237107,431.0
237394,287.0
237540,146.0
237846,306.0
238346,500.0
238563,217.0
238956,393.0
239456,500.0
239594,138.0
239934,340.0
240114,180.0
240251,137.0
240751,500.0
241150,399.0
241595,445.0
242030,435.0
242266,236.0
242552,286.0
243052,500.0
243443,391.0
243626,183.0
243876,250.0
244038,162.0
244203,165.0
244373,170.0
244499,126.0
244632,133.0
244774,142.0
244897,123.0
245064,167.0
245196,132.0
245310,114.0
245446,136.0
245456,10.0
245466,10.0
245476,10.0
245485,9.0
245495,10.0
245505,10.0
245516,11.0
245526,10.0
245536,10.0
245546,10.0
245557,11.0
245566,9.0
245575,9.0
245585,10.0
245595,10.0
245604,9.0
245612,8.0
245622,10.0
245631,9.0
245641,10.0
245651,10.0
245661,10.0
245671,10.0
245681,10.0
245690,9.0
245701,11.0
245709,8.0
245719,10.0
245728,9.0
245739,11.0
245748,9.0
245760,12.0
245769,9.0
245778,9.0
245787,9.0
245796,9.0
245806,10.0
245814,8.0
245824,10.0
245834,10.0
245844,10.0
245854,10.0
245865,11.0
245875,10.0
245885,10.0
245895,10.0
245904,9.0
245913,9.0
245922,9.0
245932,10.0
245941,9.0
245951,10.0
245962,11.0
245973,11.0
245986,13.0
246079,93.0
246094,15.0
246104,10.0
246113,9.0
246123,10.0
246131,8.0
246140,9.0
246152,12.0
246162,10.0
246171,9.0
246180,9.0
246189,9.0
246198,9.0
246207,9.0
246217,10.0
246227,10.0
246239,12.0
246249,10.0
246259,10.0
246269,10.0
246281,12.0
246291,10.0
246300,9.0
246310,10.0
246319,9.0
246330,11.0
246340,10.0
246349,9.0
246359,10.0
246370,11.0
246379,9.0
246389,10.0
246398,9.0
246408,10.0
246418,10.0
246426,8.0
246436,10.0
246445,9.0
246455,10.0
246466,11.0
246474,8.0
246483,9.0
246493,10.0
246503,10.0
246511,8.0
246521,10.0
246532,11.0
246542,10.0
246554,12.0
246564,10.0
246575,11.0
246586,11.0
246598,12.0
246609,11.0
246623,14.0
246638,15.0
246654,16.0
246670,16.0
246689,19.0
246713,24.0
246728,15.0
246753,25.0
246774,21.0
246795,21.0
246817,22.0
246854,37.0
246964,110.0
247088,124.0
247224,136.0
247413,189.0
247618,205.0
247807,189.0
247953,146.0
248077,124.0
248209,132.0
248321,112.0
248423,102.0
248507,84.0
248593,86.0
248694,101.0
248797,103.0
248918,121.0
249032,114.0
249134,102.0
249219,85.0
249304,85.0
249393,89.0
249494,101.0
249593,99.0
249674,81.0
249753,79.0
249836,83.0
249905,69.0
250023,118.0
250139,116.0
250241,102.0
250348,107.0
250466,118.0
250577,111.0
250700,123.0
250815,115.0
250927,112.0
251049,122.0
251174,125.0
251289,115.0
251407,118.0
251529,122.0
251654,125.0
251773,119.0
251904,131.0
252037,133.0
252180,143.0
252320,140.0
252459,139.0
252594,135.0
252734,140.0
252872,138.0
252999,127.0
253136,137.0
253272,136.0
253418,146.0
253543,125.0
253681,138.0
253814,133.0
253953,139.0
254094,141.0
254231,137.0
254376,145.0
254512,136.0
254646,134.0
254776,130.0
254890,114.0
255003,113.0
255109,106.0
255218,109.0
255334,116.0
255450,116.0
255558,108.0
255665,107.0
255775,110.0
255876,101.0
255982,106.0
256092,110.0
256188,96.0
256294,106.0
256397,103.0
256510,113.0
256639,129.0
256792,153.0
256997,205.0
257497,500.0
257953,456.0
258138,185.0
258301,163.0
258441,140.0
258569,128.0
258579,10.0
258592,13.0
258716,124.0
258734,18.0
258748,14.0
258765,17.0
258777,12.0
258789,12.0
258800,11.0
258812,12.0
258824,12.0
258836,12.0
258849,13.0
258861,12.0
258875,14.0
258889,14.0
258900,11.0
258910,10.0
258922,12.0
258934,12.0
258946,12.0
258957,11.0
258967,10.0
258977,10.0
258987,10.0
258998,11.0
259008,10.0
259019,11.0
259032,13.0
259043,11.0
259054,11.0
259066,12.0
259077,11.0
259087,10.0
259100,13.0
259112,12.0
259122,10.0
259142,20.0
259153,11.0
259164,11.0
259176,12.0
259188,12.0
259200,12.0
259210,10.0
259220,10.0
259231,11.0
259241,10.0
259253,12.0
259264,11.0
259275,11.0
259286,11.0
259299,13.0
259317,18.0
259330,13.0
259489,159.0
259510,21.0
259527,17.0
259540,13.0
259558,18.0
259572,14.0
259584,12.0
259611,27.0
259622,11.0
259635,13.0
259652,17.0
259670,18.0
259681,11.0
259717,36.0
259738,21.0
259754,16.0
259787,33.0
259801,14.0
259844,43.0
259858,14.0
259906,48.0
259917,11.0
259928,11.0
259973,45.0
260010,37.0
260058,48.0
260100,42.0
260145,45.0
260185,40.0
260239,54.0
260290,51.0
260346,56.0
260418,72.0
260520,102.0
260639,119.0
260759,120.0
261259,500.0
261759,500.0
261880,121.0
262184,304.0
262304,120.0
262804,500.0
263214,410.0
263387,173.0
263877,490.0
263998,121.0
264119,121.0
264234,115.0
264355,121.0
264468,113.0
264583,115.0
264707,124.0
264824,117.0
264953,129.0
265093,140.0
265263,170.0
265532,269.0
266032,500.0
266532,500.0
266924,392.0
267406,482.0
267906,500.0
268235,329.0
268735,500.0
269235,500.0
269735,500.0
270106,371.0
270337,231.0
270677,340.0
271177,500.0
271528,351.0
271669,141.0
271869,200.0
272369,500.0
272869,500.0
273192,323.0
273692,500.0
274192,500.0
274270,78.0
274339,69.0
274431,92.0
274507,76.0
274562,55.0
274626,64.0
274693,67.0
274767,74.0
274851,84.0
274939,88.0
275079,140.0
275220,141.0
275720,500.0
276220,500.0
276720,500.0
277220,500.0
277230,10.0
277730,500.0
278020,290.0
278195,175.0
278361,166.0
278541,180.0
278725,184.0
278869,144.0
278995,126.0
279116,121.0
279235,119.0
279349,114.0
279465,116.0
279573,108.0
279689,116.0
279797,108.0
279907,110.0
280010,103.0
280099,89.0
280179,80.0
280302,123.0
280414,112.0
280490,76.0
280573,83.0
280718,145.0
280840,122.0
281024,184.0
281208,184.0
281696,488.0
281914,218.0
282358,444.0
282572,214.0
282706,134.0
282800,94.0
283162,362.0
283269,107.0
283347,78.0
283422,75.0
283519,97.0
283688,169.0
283850,162.0
283994,144.0
284147,153.0
284263,116.0
284362,99.0
284529,167.0
284673,144.0
284883,210.0
285383,500.0
285883,500.0
286256,373.0
286574,318.0
286801,227.0
287025,224.0
287217,192.0
287437,220.0
287630,193.0
287840,210.0
288006,166.0
288225,219.0
288427,202.0
288607,180.0
288730,123.0
288798,68.0
288850,52.0
288922,72.0
289015,93.0
289143,128.0
289291,148.0
289519,228.0
290019,500.0
290455,436.0
290881,426.0
291145,264.0
291394,249.0
291495,101.0
291668,173.0
291822,154.0
292094,272.0
292340,246.0
292512,172.0
292659,147.0
292939,280.0
293100,161.0
293274,174.0
293584,310.0
293816,232.0
293974,158.0
294244,270.0
294410,166.0
294702,292.0
295010,308.0
295371,361.0
295682,311.0
296084,402.0
296475,391.0
296805,330.0
297132,327.0
297513,381.0
298013,500.0
298513,500.0
299013,500.0
299088,75.0
299124,36.0
299155,31.0
299208,53.0
299237,29.0
299246,9.0
299254,8.0
299263,9.0
299271,8.0
299280,9.0
299377,97.0
299490,113.0
299573,83.0
299700,127.0
299902,202.0
300112,210.0
300438,326.0
300913,475.0
301052,139.0
301077,25.0
301232,155.0
301732,500.0
301892,160.0
302105,213.0
302492,387.0
302992,500.0
303492,500.0
303992,500.0
304492,500.0
304831,339.0
305175,344.0
305478,303.0
305770,292.0
306085,315.0
306585,500.0
306851,266.0
306972,121.0
307043,71.0
307349,306.0
307492,143.0
307553,61.0
307676,123.0
307738,62.0
307786,48.0
307884,98.0
307927,43.0
307962,35.0
308195,233.0
308386,191.0
308572,186.0
308771,199.0
308939,168.0
309114,175.0
309257,143.0
309404,147.0
309546,142.0
309682,136.0
309811,129.0
309947,136.0
310080,133.0
310231,151.0
310358,127.0
310518,160.0
310666,148.0
310809,143.0
310963,154.0
311118,155.0
311279,161.0
311469,190.0
311650,181.0
311809,159.0
312073,264.0
312344,271.0
312478,134.0
312492,14.0
312503,11.0
312513,10.0
312522,9.0
312531,9.0
312540,9.0
312551,11.0
312561,10.0
312571,10.0
312585,14.0
312628,43.0
312718,90.0
312735,17.0
312758,23.0
312777,19.0
312798,21.0
312823,25.0
312853,30.0
312875,22.0
312898,23.0
312925,27.0
312958,33.0
312990,32.0
313016,26.0
313042,26.0
313078,36.0
313111,33.0
313150,39.0
313267,117.0
313420,153.0
313756,336.0
314256,500.0
314456,200.0
314712,256.0
314971,259.0
315471,500.0
315971,500.0
316471,500.0
316971,500.0
317448,477.0
317948,500.0
318448,500.0
318927,479.0
319305,378.0
319723,418.0
320045,322.0
320367,322.0
320685,318.0
320975,290.0
321256,281.0
321506,250.0
321757,251.0
321999,242.0
322261,262.0
322503,242.0
322766,263.0
322969,203.0
323166,197.0
323365,199.0
323569,204.0
323800,231.0
324046,246.0
324455,409.0
324571,116.0
324628,57.0
324649,21.0
324664,15.0
324674,10.0
324721,47.0
324909,188.0
325193,284.0
325693,500.0
325838,145.0
326069,231.0
326304,235.0
326490,186.0
326720,230.0
326917,197.0
327126,209.0
327336,210.0
327538,202.0
327764,226.0
328190,426.0
328690,500.0
328919,229.0
329121,202.0
329335,214.0
329549,214.0
329784,235.0
329973,189.0
330175,202.0
330411,236.0
330637,226.0
331044,407.0
331247,203.0
331426,179.0
331626,200.0
331800,174.0
331989,189.0
332201,212.0
332400,199.0
332639,239.0
332842,203.0
333037,195.0
333245,208.0
333475,230.0
333655,180.0
333843,188.0
334072,229.0
334315,243.0
334492,177.0
334674,182.0
334897,223.0
335126,229.0
335344,218.0
335572,228.0
335796,224.0
336025,229.0
336238,213.0
336463,225.0
336664,201.0
336674,10.0
336869,195.0
336994,125.0
337149,155.0
337302,153.0
337456,154.0
337593,137.0
337725,132.0
337858,133.0
338004,146.0
338133,129.0
338266,133.0
338393,127.0
338524,131.0
338666,142.0
338816,150.0
338968,152.0
339359,391.0
339418,59.0
339432,14.0
339447,15.0
339458,11.0
339499,41.0
339518,19.0
339565,47.0
339607,42.0
339671,64.0
339735,64.0
339950,215.0
340450,500.0
340950,500.0
341404,454.0
341904,500.0
342286,382.0
342638,352.0
342870,232.0
343251,381.0
343751,500.0
344251,500.0
344522,271.0
344811,289.0
345108,297.0
345404,296.0
345612,208.0
345875,263.0
346127,252.0
346342,215.0
346464,122.0
346678,214.0
346793,115.0
347043,250.0
347250,207.0
347427,177.0
347607,180.0
347880,273.0
347959,79.0
348055,96.0
348199,144.0
348287,88.0
348323,36.0
348565,242.0
349065,500.0
349565,500.0
350042,477.0
350381,339.0
350686,305.0
350891,205.0
351098,207.0
351369,271.0
351654,285.0
351998,344.0
352434,436.0
352782,348.0
353282,500.0
353782,500.0
354282,500.0
354782,500.0
355282,500.0
355758,476.0
355788,30.0
355807,19.0
356009,202.0
356509,500.0
357009,500.0
357509,500.0
357665,156.0
357678,13.0
357690,12.0
357700,10.0
358119,419.0
358619,500.0
358979,360.0
359380,401.0
359786,406.0
360196,410.0
360696,500.0
361190,494.0
361286,96.0
361546,260.0
361751,205.0
361893,142.0
362150,257.0
362275,125.0
362432,157.0
362667,235.0
363167,500.0
363517,350.0
363672,155.0
363760,88.0
364084,324.0
364215,131.0
364552,337.0
364921,369.0
365062,141.0
365117,55.0
365128,11.0
365140,12.0
365158,18.0
365435,277.0
365935,500.0
366396,461.0
366896,500.0
367144,248.0
367268,124.0
367768,500.0
368268,500.0
368768,500.0
369092,324.0
369592,500.0
370092,500.0
370592,500.0
371092,500.0
371592,500.0
372092,500.0
372592,500.0
373092,500.0
373464,372.0
373964,500.0
374245,281.0
374286,41.0
374333,47.0
374370,37.0
374402,32.0
374438,36.0
374491,53.0
374534,43.0
374567,33.0
374599,32.0
374632,33.0
374672,40.0
374760,88.0
375260,500.0
375480,220.0
375575,95.0
375682,107.0
375759,77.0
375849,90.0
375958,109.0
376458,500.0
376958,500.0
377458,500.0
377958,500.0
378458,500.0
378958,500.0
379121,163.0
379567,446.0
379739,172.0
379866,127.0
379963,97.0
379973,10.0
379984,11.0
379996,12.0
380006,10.0
380017,11.0
380027,10.0
380072,45.0
380082,10.0
380324,242.0
380403,79.0
380466,63.0
380518,52.0
380558,40.0
381058,500.0
381425,367.0
381726,301.0
381793,67.0
381901,108.0
382401,500.0
382740,339.0
383240,500.0
383547,307.0
383687,140.0
383820,133.0
383946,126.0
384446,500.0
384896,450.0
385283,387.0
385783,500.0
386166,383.0
386360,194.0
386541,181.0
386737,196.0
387072,335.0
387572,500.0
387978,406.0
388332,354.0
388832,500.0
389114,282.0
389344,230.0
389673,329.0
389994,321.0
390230,236.0
390543,313.0
390758,215.0
390977,219.0
391213,236.0
391424,211.0
391673,249.0
391934,261.0
392246,312.0
392567,321.0
392919,352.0
393209,290.0
393506,297.0
393825,319.0
394129,304.0
394204,75.0
394540,336.0
394844,304.0
394972,128.0
395102,130.0
395238,136.0
395381,143.0
395538,157.0
395698,160.0
395876,178.0
396021,145.0
396178,157.0
396316,138.0
396438,122.0
396651,213.0
396824,173.0
396941,117.0
397055,114.0
397201,146.0
397334,133.0
397482,148.0
397617,135.0
397753,136.0
397955,202.0
398170,215.0
398401,231.0
398675,274.0
398888,213.0
399119,231.0
399340,221.0
399562,222.0
399767,205.0
399973,206.0
400160,187.0
400364,204.0
400575,211.0
400666,91.0
400871,205.0
400957,86.0
401041,84.0
401124,83.0
401203,79.0
401290,87.0
401398,108.0
401474,76.0
401553,79.0
401633,80.0
401712,79.0
401781,69.0
401859,78.0
402040,181.0
402139,99.0
402229,90.0
402326,97.0
402480,154.0
402579,99.0
402692,113.0
402815,123.0
402982,167.0
403108,126.0
403242,134.0
403353,111.0
403450,97.0
403549,99.0
403747,198.0
403905,158.0
404072,167.0
404251,179.0
404442,191.0
404570,128.0
404694,124.0
404815,121.0
404934,119.0
405109,175.0
405231,122.0
405375,144.0
405526,151.0
405713,187.0
405938,225.0
406060,122.0
406183,123.0
406381,198.0
406638,257.0
406750,112.0
406944,194.0
407082,138.0
407320,238.0
407436,116.0
407775,339.0
408084,309.0
408381,297.0
408792,411.0
409171,379.0
409576,405.0
409834,258.0
410261,427.0
410526,265.0
410829,303.0
411009,180.0
411464,455.0
411679,215.0
412009,330.0
412316,307.0
412816,500.0
413316,500.0
413620,304.0
414069,449.0
414569,500.0
415048,479.0
415490,442.0
415783,293.0
416240,457.0
416683,443.0
417183,500.0
417551,368.0
417771,220.0
417961,190.0
418181,220.0
418351,170.0
418598,247.0
419098,500.0
419598,500.0
419915,317.0
420387,472.0
420619,232.0
421005,386.0
421505,500.0
421826,321.0
422256,430.0
422581,325.0
422694,113.0
423015,321.0
423217,202.0
423235,18.0
423243,8.0
423570,327.0
424038,468.0
424053,15.0
424063,10.0
424440,377.0
424940,500.0
425440,500.0
425936,496.0
426436,500.0
426936,500.0
427436,500.0
427911,475.0
427953,42.0
428402,449.0
428902,500.0
429402,500.0
429902,500.0
430212,310.0
430712,500.0
431212,500.0
431712,500.0
432212,500.0
432695,483.0
433195,500.0
433482,287.0
433982,500.0
434482,500.0
434724,242.0
435057,333.0
435314,257.0
435814,500.0
435989,175.0
435999,10.0
436010,11.0
436209,199.0
436375,166.0
436569,194.0
436872,303.0
437073,201.0
437259,186.0
437473,214.0
437644,171.0
437951,307.0
438262,311.0
438273,11.0
438457,184.0
438583,126.0
439000,417.0
439152,152.0
439652,500.0
439863,211.0
440141,278.0
440336,195.0
440505,169.0
440735,230.0
441235,500.0
441735,500.0
441771,36.0
441784,13.0
442284,500.0
442784,500.0
443284,500.0
443784,500.0
444284,500.0
444784,500.0
445098,314.0
445347,249.0
445498,151.0
445508,10.0
445641,133.0
445918,277.0
446418,500.0
446918,500.0
447418,500.0
447822,404.0
448317,495.0
448817,500.0
449068,251.0
449326,258.0
449512,186.0
449854,342.0
450093,239.0
450585,492.0
450795,210.0
451074,279.0
451274,200.0
451501,227.0
452001,500.0
452336,335.0
452580,244.0
453010,430.0
453125,115.0
453416,291.0
453916,500.0
454292,376.0
454792,500.0
455011,219.0
455025,14.0
455040,15.0
455049,9.0
455058,9.0
455069,11.0
455079,10.0
455098,19.0
455107,9.0
455134,27.0
455144,10.0
455644,500.0
456047,403.0
456373,326.0
456626,253.0
456773,147.0
457142,369.0
457556,414.0
457874,318.0
458173,299.0
458351,178.0
458674,323.0
458805,131.0
459049,244.0
459233,184.0
459733,500.0
460092,359.0
460189,97.0
460689,500.0
461189,500.0
461240,51.0
461740,500.0
462240,500.0
462532,292.0
462600,68.0
462610,10.0
462620,10.0
463120,500.0
463549,429.0
463873,324.0
464114,241.0
464352,238.0
464532,180.0
464759,227.0
464897,138.0
465071,174.0
465298,227.0
465468,170.0
465615,147.0
465770,155.0
465943,173.0
465953,10.0
465970,17.0
465982,12.0
465992,10.0
466002,10.0
466012,10.0
466487,475.0
466987,500.0
467159,172.0
467351,192.0
467490,139.0
467990,500.0
468490,500.0
468990,500.0
469490,500.0
469615,125.0
470115,500.0
470292,177.0
470429,137.0
470929,500.0
471429,500.0
471929,500.0
472429,500.0
472658,229.0
473158,500.0
473315,157.0
473815,500.0
474193,378.0
474338,145.0
474730,392.0
475230,500.0
475730,500.0
476075,345.0
476305,230.0
476315,10.0
476326,11.0
476336,10.0
476345,9.0
476354,9.0
476367,13.0
476467,100.0
476558,91.0
476631,73.0
476680,49.0
476738,58.0
476800,62.0
476849,49.0
476901,52.0
476973,72.0
477086,113.0
477586,500.0
478086,500.0
478159,73.0
478244,85.0
478340,96.0
478439,99.0
478520,81.0
478623,103.0
478700,77.0
478819,119.0
478963,144.0
479117,154.0
479311,194.0
479526,215.0
479875,349.0
480369,494.0
480480,111.0
480604,124.0
480644,40.0
480700,56.0
480740,40.0
480803,63.0
480861,58.0
480919,58.0
480966,47.0
481044,78.0
481096,52.0
481142,46.0
481197,55.0
481271,74.0
481602,331.0
482004,402.0
482060,56.0
482141,81.0
482195,54.0
482256,61.0
482334,78.0
482395,61.0
482463,68.0
482532,69.0
482590,58.0
482647,57.0
482698,51.0
482772,74.0
482862,90.0
482996,134.0
483179,183.0
483240,61.0
483556,316.0
483848,292.0
484017,169.0
484134,117.0
484223,89.0
484326,103.0
484484,158.0
484641,157.0
484801,160.0
484959,158.0
485175,216.0
485316,141.0
485440,124.0
485587,147.0
485731,144.0
485876,145.0
486157,281.0
486315,158.0
486479,164.0
486678,199.0
486815,137.0
486978,163.0
487159,181.0
487331,172.0
487489,158.0
487736,247.0
487939,203.0
488102,163.0
488222,120.0
488351,129.0
488503,152.0
488634,131.0
488749,115.0
488927,178.0
489056,129.0
489195,139.0
489330,135.0
489466,136.0
489619,153.0
489766,147.0
489917,151.0
490035,118.0
490156,121.0
490265,109.0
490383,118.0
490698,315.0
490876,178.0
491001,125.0
491137,136.0
491403,266.0
491586,183.0
491975,389.0
492475,500.0
492788,313.0
493288,500.0
493788,500.0
494288,500.0
494788,500.0
495288,500.0
495788,500.0
496060,272.0
496328,268.0
496828,500.0
497328,500.0
497828,500.0
498328,500.0
498828,500.0
499328,500.0
499828,500.0
499927,99.0
500252,325.0
500752,500.0
501225,473.0
501427,202.0
501551,124.0
501733,182.0
501745,12.0
501772,27.0
501874,102.0
501884,10.0
501894,10.0
501902,8.0
501912,10.0
501922,10.0
501932,10.0
501954,22.0
501966,12.0
501975,9.0
501986,11.0
501996,10.0
502006,10.0
502015,9.0
502134,119.0
502634,500.0
503134,500.0
503634,500.0
504134,500.0
504341,207.0
504827,486.0
505116,289.0
505406,290.0
505584,178.0
505853,269.0
506095,242.0
506314,219.0
506330,16.0
506366,36.0
506752,386.0
507057,305.0
507557,500.0
507838,281.0
508090,252.0
508364,274.0
508864,500.0
509194,330.0
509450,256.0
509710,260.0
509961,251.0
510178,217.0
510426,248.0
510796,370.0
511205,409.0
511705,500.0
512205,500.0
512558,353.0
512951,393.0
512960,9.0
512972,12.0
513004,32.0
513013,9.0
513023,10.0
513034,11.0
513049,15.0
513061,12.0
513073,12.0
513083,10.0
513094,11.0
513104,10.0
513197,93.0
513236,39.0
513263,27.0
513290,27.0
513317,27.0
513343,26.0
513450,107.0
513505,55.0
513536,31.0
513658,122.0
514158,500.0
514658,500.0
515011,353.0
515511,500.0
516011,500.0
516511,500.0
517011,500.0
517307,296.0
517653,346.0
517983,330.0
518233,250.0
518687,454.0
519128,441.0
519352,224.0
519483,131.0
519687,204.0
519843,156.0
519990,147.0
520211,221.0
520611,400.0
521111,500.0
521502,391.0
521904,402.0
522076,172.0
522360,284.0
522605,245.0
522866,261.0
523047,181.0
523286,239.0
523411,125.0
523911,500.0
524312,401.0
524324,12.0
524332,8.0
524341,9.0
524475,134.0
524593,118.0
524772,179.0
524958,186.0
525176,218.0
525448,272.0
525738,290.0
526007,269.0
526137,130.0
526153,16.0
526173,20.0
526185,12.0
526194,9.0
526204,10.0
526215,11.0
526233,18.0
526260,27.0
526275,15.0
526289,14.0
526320,31.0
526346,26.0
526367,21.0
526402,35.0
526456,54.0
526507,51.0
526572,65.0
526696,124.0
526838,142.0
527188,350.0
527688,500.0
527988,300.0
528311,323.0
528469,158.0
528623,154.0
528821,198.0
529026,205.0
529223,197.0
529420,197.0
529602,182.0
529778,176.0
529968,190.0
530121,153.0
530310,189.0
530479,169.0
530633,154.0
530770,137.0
530926,156.0
531076,150.0
531251,175.0
531429,178.0
531625,196.0
531860,235.0
532107,247.0
532490,383.0
532665,175.0
532819,154.0
533161,342.0
533441,280.0
533576,135.0
533763,187.0
534000,237.0
534365,365.0
534606,241.0
534803,197.0
534965,162.0
535362,397.0
535728,366.0
535946,218.0
536175,229.0
536420,245.0
536720,300.0
536966,246.0
537208,242.0
537440,232.0
537655,215.0
537686,31.0
537712,26.0
537730,18.0
537875,145.0
538069,194.0
538305,236.0
538541,236.0
538732,191.0
538908,176.0
539084,176.0
539296,212.0
539501,205.0
539728,227.0
539969,241.0
540322,353.0
540493,171.0
540880,387.0
541098,218.0
541409,311.0
541849,440.0
542170,321.0
542403,233.0
542903,500.0
543308,405.0
543439,131.0
543449,10.0
543459,10.0
543468,9.0
543478,10.0
543770,292.0
543965,195.0
544182,217.0
544675,493.0
545175,500.0
545489,314.0
545768,279.0
546185,417.0
546444,259.0
546706,262.0
546826,120.0
546970,144.0
547115,145.0
547379,264.0
547431,52.0
547658,227.0
547899,241.0
548085,186.0
548099,14.0
548114,15.0
548134,20.0
548544,410.0
549044,500.0
549544,500.0
550044,500.0
550172,128.0
550272,100.0
550298,26.0
550311,13.0
550329,18.0
550434,105.0
550934,500.0
551232,298.0
551732,500.0
552228,496.0
552246,18.0
552280,34.0
552780,500.0
553280,500.0
553408,128.0
553908,500.0
554408,500.0
554908,500.0
555408,500.0
555908,500.0
556408,500.0
556908,500.0
557408,500.0
557908,500.0
558408,500.0
558908,500.0
559019,111.0
559087,68.0
559587,500.0
560045,458.0
560086,41.0
560586,500.0
561086,500.0
561586,500.0
562086,500.0
562586,500.0
563086,500.0
563527,441.0
564027,500.0
564197,170.0
564285,88.0
564304,19.0
564804,500.0
565173,369.0
565673,500.0
566173,500.0
566672,499.0
567172,500.0
567452,280.0
567833,381.0
568136,303.0
568148,12.0
568360,212.0
568860,500.0
569360,500.0
569486,126.0
569986,500.0
570486,500.0
570986,500.0
571248,262.0
571261,13.0
571270,9.0
571278,8.0
571292,14.0
571300,8.0
571309,9.0
571321,12.0
571330,9.0
571339,9.0
571349,10.0
571359,10.0
571369,10.0
571378,9.0
571386,8.0
571397,11.0
571407,10.0
571416,9.0
571425,9.0
571435,10.0
571562,127.0
571711,149.0
571932,221.0
572245,313.0
572546,301.0
572871,325.0
573169,298.0
573510,341.0
573818,308.0
574162,344.0
574475,313.0
574693,218.0
574990,297.0
575490,500.0
575590,100.0
575602,12.0
575613,11.0
575624,11.0
575633,9.0
575643,10.0
575652,9.0
575660,8.0
575670,10.0
575679,9.0
575691,12.0
575700,9.0
575709,9.0
575721,12.0
575731,10.0
575740,9.0
575749,9.0
575761,12.0
575814,53.0
575856,42.0
575881,25.0
575937,56.0
575997,60.0
576114,117.0
576250,136.0
576609,359.0
576882,273.0
577015,133.0
577135,120.0
577284,149.0
577607,323.0
578004,397.0
578504,500.0
579004,500.0
579504,500.0
580004,500.0
580201,197.0
580525,324.0
580673,148.0
580840,167.0
581024,184.0
581217,193.0
581363,146.0
581516,153.0
581638,122.0
581659,21.0
581677,18.0
581690,13.0
581699,9.0
581708,9.0
581718,10.0
581728,10.0
581744,16.0
581755,11.0
581768,13.0
581780,12.0
581791,11.0
581804,13.0
581818,14.0
581855,37.0
581866,11.0
581885,19.0
581910,25.0
581921,11.0
581936,15.0
582201,265.0
582357,156.0
582476,119.0
582588,112.0
582693,105.0
582822,129.0
582947,125.0
583130,183.0
583290,160.0
583679,389.0
584016,337.0
584246,230.0
584588,342.0
584809,221.0
585046,237.0
585546,500.0
585911,365.0
586167,256.0
586403,236.0
586762,359.0
587059,297.0
587384,325.0
587884,500.0
588016,132.0
588028,12.0
588040,12.0
588051,11.0
588062,11.0
588077,15.0
588089,12.0
588102,13.0
588117,15.0
588136,19.0
588537,401.0
588868,331.0
589368,500.0
589621,253.0
590056,435.0
590310,254.0
590549,239.0
590759,210.0
590999,240.0
591442,443.0
591730,288.0
592018,288.0
592245,227.0
592521,276.0
593021,500.0
593456,435.0
593537,81.0
593556,19.0
593572,16.0
593587,15.0
593605,18.0
593625,20.0
593639,14.0
593663,24.0
593685,22.0
593716,31.0
593764,48.0
593795,31.0
593865,70.0
593980,115.0
594123,143.0
594360,237.0
594487,127.0
594673,186.0
595034,361.0
595519,485.0
596019,500.0
596519,500.0
597019,500.0
597519,500.0
598012,493.0
598435,423.0
598688,253.0
599188,500.0
599525,337.0
600025,500.0
600525,500.0
600862,337.0
601332,470.0
601381,49.0
601446,65.0
601521,75.0
601583,62.0
601642,59.0
601684,42.0
601768,84.0
601888,120.0
602388,500.0
602888,500.0
603388,500.0
603692,304.0
604192,500.0
604692,500.0
605192,500.0
605692,500.0
606192,500.0
606692,500.0
607192,500.0
607692,500.0
607960,268.0
608460,500.0
608960,500.0
609460,500.0
609841,381.0
610009,168.0
610436,427.0
610629,193.0
611129,500.0
611629,500.0
612129,500.0
612377,248.0
612391,14.0
612401,10.0
612413,12.0
612425,12.0
612637,212.0
613137,500.0
613398,261.0
613898,500.0
614355,457.0
614841,486.0
615115,274.0
615440,325.0
615588,148.0
615996,408.0
616206,210.0
616347,141.0
616480,133.0
616645,165.0
616699,54.0
616927,228.0
617086,159.0
617231,145.0
617392,161.0
617409,17.0
617422,13.0
617797,375.0
618044,247.0
618221,177.0
618410,189.0
618617,207.0
618831,214.0
619088,257.0
619230,142.0
619448,218.0
619671,223.0
619811,140.0
620022,211.0
620170,148.0
620385,215.0
620603,218.0
620872,269.0
621124,252.0
621371,247.0
621710,339.0
621842,132.0
622014,172.0
622267,253.0
622617,350.0
623101,484.0
623334,233.0
623558,224.0
623913,355.0
624232,319.0
624603,371.0
624806,203.0
625114,308.0
625434,320.0
625708,274.0
626058,350.0
626558,500.0
626908,350.0
627408,500.0
627599,191.0
627788,189.0
627915,127.0
628036,121.0
628178,142.0
628287,109.0
628416,129.0
628545,129.0
628693,148.0
628913,220.0
629299,386.0
629772,473.0
630126,354.0
630518,392.0
630903,385.0
631211,308.0
631546,335.0
632046,500.0
632546,500.0
632884,338.0
633088,204.0
633292,204.0
633485,193.0
633671,186.0
633835,164.0
633995,160.0
634140,145.0
634284,144.0
634417,133.0
634559,142.0
634738,179.0
635029,291.0
635377,348.0
635577,200.0
635745,168.0
635934,189.0
636118,184.0
636290,172.0
636454,164.0
636619,165.0
636794,175.0
636955,161.0
637111,156.0
637279,168.0
637461,182.0
637621,160.0
637785,164.0
637930,145.0
638091,161.0
638244,153.0
638403,159.0
638570,167.0
638732,162.0
638886,154.0
639035,149.0
639199,164.0
639358,159.0
639504,146.0
639646,142.0
639663,17.0
639682,19.0
639700,18.0
639846,146.0
639993,147.0
640139,146.0
640292,153.0
640438,146.0
640593,155.0
640740,147.0
640904,164.0
641113,209.0
641270,157.0
641419,149.0
641560,141.0
641768,208.0
642192,424.0
642416,224.0
642805,389.0
643004,199.0
643251,247.0
643451,200.0
643856,405.0
644044,188.0
644229,185.0
644411,182.0
644422,11.0
644689,267.0
645031,342.0
645531,500.0
646031,500.0
646457,426.0
646799,342.0
647020,221.0
647520,500.0
647763,243.0
647951,188.0
648216,265.0
648692,476.0
649192,500.0
649454,262.0
649560,106.0
649942,382.0
650237,295.0
650345,108.0
650669,324.0
651029,360.0
651293,264.0
651631,338.0
652131,500.0
652318,187.0
652439,121.0
652550,111.0
652730,180.0
653230,500.0
653730,500.0
653918,188.0
654123,205.0
654623,500.0
654774,151.0
654872,98.0
654921,49.0
655039,118.0
655177,138.0
655299,122.0
655417,118.0
655566,149.0
655788,222.0
656288,500.0
656567,279.0
657067,500.0
657567,500.0
657802,235.0
657976,174.0
658184,208.0
658409,225.0
658670,261.0
658850,180.0
659086,236.0
659104,18.0
659115,11.0
659128,13.0
659139,11.0
659149,10.0
659161,12.0
659173,12.0
659183,10.0
659198,15.0
659579,381.0
659798,219.0
660002,204.0
660189,187.0
660384,195.0
660592,208.0
660796,204.0
661038,242.0
661415,377.0
661915,500.0
662415,500.0
662818,403.0
663318,500.0
663818,500.0
664035,217.0
664535,500.0
664713,178.0
665213,500.0
665233,20.0
665244,11.0
665255,11.0
665264,9.0
665278,14.0
665290,12.0
665302,12.0
665316,14.0
665390,74.0
665442,52.0
665496,54.0
665535,39.0
665594,59.0
665632,38.0
665663,31.0
665721,58.0
665779,58.0
665849,70.0
665917,68.0
666020,103.0
666135,115.0
666256,121.0
666395,139.0
666549,154.0
666725,176.0
666916,191.0
667115,199.0
667346,231.0
667599,253.0
668015,416.0
668370,355.0
668660,290.0
668906,246.0
669207,301.0
669463,256.0
669906,443.0
670091,185.0
670261,170.0
670426,165.0
670678,252.0
670844,166.0
671187,343.0
671402,215.0
671741,339.0
672039,298.0
672291,252.0
672497,206.0
672720,223.0
672915,195.0
673222,307.0
673541,319.0
673733,192.0
673975,242.0
674475,500.0
674954,479.0
675197,243.0
675654,457.0
676120,466.0
676418,298.0
676562,144.0
676662,100.0
676782,120.0
676898,116.0
677017,119.0
677141,124.0
677371,230.0
677447,76.0
677466,19.0
677479,13.0
677492,13.0
677505,13.0
677520,15.0
677537,17.0
677553,16.0
677566,13.0
677583,17.0
677769,186.0
677828,59.0
677880,52.0
677928,48.0
677975,47.0
678012,37.0
678047,35.0
678092,45.0
678137,45.0
678189,52.0
678251,62.0
678326,75.0
678447,121.0
678568,121.0
678676,108.0
678814,138.0
678977,163.0
679477,500.0
679664,187.0
679807,143.0
679963,156.0
680220,257.0
680612,392.0
680907,295.0
681244,337.0
681744,500.0
682244,500.0
682744,500.0
683244,500.0
683744,500.0
684244,500.0
684744,500.0
685146,402.0
685402,256.0
685681,279.0
685853,172.0
686231,378.0
686452,221.0
686952,500.0
687452,500.0
687920,468.0
688420,500.0
688858,438.0
688951,93.0
689043,92.0
689211,168.0
689357,146.0
689461,104.0
689577,116.0
689710,133.0
690005,295.0
690231,226.0
690465,234.0
690708,243.0
690789,81.0
691138,349.0
691438,300.0
691456,18.0
691464,8.0
691599,135.0
691816,217.0
692048,232.0
692195,147.0
692256,61.0
692319,63.0
692385,66.0
692472,87.0
692555,83.0
692638,83.0
692740,102.0
692855,115.0
692985,130.0
693100,115.0
693235,135.0
693382,147.0
693626,244.0
693805,179.0
693986,181.0
694144,158.0
694318,174.0
694490,172.0
694656,166.0
694827,171.0
694999,172.0
695141,142.0
695275,134.0
695428,153.0
695494,66.0
695550,56.0
695645,95.0
695748,103.0
695845,97.0
695950,105.0
696040,90.0
696339,299.0
696839,500.0
696890,51.0
696934,44.0
696967,33.0
697002,35.0
697172,170.0
697561,389.0
697721,160.0
697738,17.0
697753,15.0
697768,15.0
697786,18.0
697843,57.0
697957,114.0
698457,500.0
698848,391.0
699214,366.0
699423,209.0
699923,500.0
700335,412.0
700614,279.0
700995,381.0
701495,500.0
701995,500.0
702495,500.0
702995,500.0
703495,500.0
703995,500.0
704495,500.0
704927,432.0
705427,500.0
705759,332.0
705851,92.0
705867,16.0
705881,14.0
705895,14.0
705912,17.0
705929,17.0
705949,20.0
705969,20.0
705989,20.0
706481,492.0
706981,500.0
707481,500.0
707981,500.0
708395,414.0
708641,246.0
708929,288.0
709255,326.0
709755,500.0
710100,345.0
710428,328.0
710445,17.0
710462,17.0
710479,17.0
710495,16.0
710694,199.0
711182,488.0
711208,26.0
711240,32.0
711265,25.0
711293,28.0
711640,347.0
711750,110.0
711867,117.0
712140,273.0
712424,284.0
712528,104.0
712564,36.0
712592,28.0
712623,31.0
713028,405.0
713149,121.0
713295,146.0
713580,285.0
713865,285.0
713988,123.0
714099,111.0
714204,105.0
714704,500.0
714842,138.0
714989,147.0
715187,198.0
715566,379.0
715733,167.0
715894,161.0
716101,207.0
716501,400.0
716633,132.0
716770,137.0
716962,192.0
717462,500.0
717962,500.0
718462,500.0
718962,500.0
719462,500.0
719962,500.0
720462,500.0
720962,500.0
721462,500.0
721962,500.0
722462,500.0
722962,500.0
723295,333.0
723334,39.0
723373,39.0
723415,42.0
723447,32.0
723473,26.0
723504,31.0
723528,24.0
723641,113.0
724141,500.0
724500,359.0
724820,320.0
725320,500.0
725820,500.0
726320,500.0
726820,500.0
726840,20.0
726863,23.0
727363,500.0
727863,500.0
728363,500.0
728863,500.0
729363,500.0
729863,500.0
730363,500.0
730863,500.0
731363,500.0
731863,500.0
732363,500.0
732863,500.0
733363,500.0
733785,422.0
734077,292.0
734122,45.0
734138,16.0
734148,10.0
734157,9.0
734167,10.0
734177,10.0
734186,9.0
734196,10.0
734206,10.0
734215,9.0
734227,12.0
734236,9.0
734246,10.0
734258,12.0
734269,11.0
734279,10.0
734288,9.0
734299,11.0
734310,11.0
734318,8.0
734329,11.0
734340,11.0
734350,10.0
734361,11.0
734371,10.0
734381,10.0
734391,10.0
734400,9.0
734409,9.0
734421,12.0
734432,11.0
734441,9.0
734451,10.0
734462,11.0
734472,10.0
734482,10.0
734491,9.0
734501,10.0
734515,14.0
734604,89.0
734779,175.0
734845,66.0
734898,53.0
734943,45.0
734987,44.0
735031,44.0
735066,35.0
735100,34.0
735133,33.0
735173,40.0
735199,26.0
735234,35.0
735269,35.0
735299,30.0
735339,40.0
735381,42.0
735416,35.0
735452,36.0
735496,44.0
735536,40.0
735583,47.0
735636,53.0
735686,50.0
735732,46.0
735792,60.0
735860,68.0
735946,86.0
736048,102.0
736173,125.0
736343,170.0
736658,315.0
737158,500.0
737658,500.0
738158,500.0
738658,500.0
739158,500.0
739658,500.0
740158,500.0
740658,500.0
741158,500.0
741658,500.0
742158,500.0
742658,500.0
743158,500.0
743658,500.0
744158,500.0
744443,285.0
744735,292.0
745235,500.0
745509,274.0
746009,500.0
746509,500.0
746735,226.0
746851,116.0
747351,500.0
747851,500.0
748351,500.0
748567,216.0
748720,153.0
749220,500.0
749720,500.0
749878,158.0
750378,500.0
750650,272.0
750887,237.0
751094,207.0
751317,223.0
751505,188.0
751681,176.0
751851,170.0
752019,168.0
752200,181.0
752367,167.0
752552,185.0
752755,203.0
752938,183.0
753114,176.0
753290,176.0
753473,183.0
753644,171.0
753861,217.0
754058,197.0
754259,201.0
754485,226.0
754682,197.0
754891,209.0
755391,500.0
755891,500.0
756055,164.0
756206,151.0
756335,129.0
756492,157.0
756585,93.0
756596,11.0
756605,9.0
756615,10.0
756625,10.0
756635,10.0
756644,9.0
756653,9.0
756661,8.0
756669,8.0
756679,10.0
756687,8.0
756697,10.0
756706,9.0
756716,10.0
756726,10.0
756735,9.0
756745,10.0
756754,9.0
756763,9.0
756773,10.0
756782,9.0
756790,8.0
756800,10.0
756811,11.0
756821,10.0
756830,9.0
756938,108.0
756989,51.0
757021,32.0
757040,19.0
757057,17.0
757069,12.0
757084,15.0
757096,12.0
757107,11.0
757118,11.0
757129,11.0
757141,12.0
757150,9.0
757162,12.0
757172,10.0
757182,10.0
757191,9.0
757199,8.0
757208,9.0
757218,10.0
757228,10.0
757241,13.0
757251,10.0
757262,11.0
757276,14.0
757290,14.0
757302,12.0
757316,14.0
757328,12.0
757341,13.0
757355,14.0
757372,17.0
757389,17.0
757409,20.0
757434,25.0
757456,22.0
757482,26.0
757512,30.0
757549,37.0
757586,37.0
757628,42.0
757682,54.0
757757,75.0
757839,82.0
757931,92.0
758060,129.0
758200,140.0
758334,134.0
758457,123.0
758611,154.0
758778,167.0
758933,155.0
759083,150.0
759239,156.0
759400,161.0
759597,197.0
759755,158.0
759913,158.0
760080,167.0
760231,151.0
760375,144.0
760522,147.0
760670,148.0
760820,150.0
760961,141.0
761123,162.0
761262,139.0
761409,147.0
761556,147.0
761700,144.0
761844,144.0
761984,140.0
762129,145.0
762285,156.0
762445,160.0
762602,157.0
762762,160.0
762923,161.0
763079,156.0
763251,172.0
763409,158.0
763559,150.0
763708,149.0
763863,155.0
764012,149.0
764156,144.0
764303,147.0
764448,145.0
764593,145.0
764740,147.0
764869,129.0
765006,137.0
765128,122.0
765248,120.0
765367,119.0
765508,141.0
765643,135.0
765772,129.0
765889,117.0
766027,138.0
766154,127.0
766281,127.0
766420,139.0
766541,121.0
766664,123.0
766798,134.0
766910,112.0
767026,116.0
767142,116.0
767268,126.0
767383,115.0
767513,130.0
767639,126.0
767751,112.0
767862,111.0
767974,112.0
768098,124.0
768228,130.0
768355,127.0
768475,120.0
768598,123.0
768707,109.0
768818,111.0
768939,121.0
769062,123.0
769209,147.0
769328,119.0
769451,123.0
769564,113.0
769677,113.0
769822,145.0
769955,133.0
770136,181.0
770288,152.0
770453,165.0
770630,177.0
770760,130.0
770925,165.0
771071,146.0
771210,139.0
771383,173.0
771517,134.0
771661,144.0
771836,175.0
771990,154.0
772150,160.0
772304,154.0
772572,268.0
772757,185.0
773171,414.0
773190,19.0
773203,13.0
773216,13.0
773235,19.0
773257,22.0
773333,76.0
773345,12.0
773356,11.0
773367,11.0
773376,9.0
773386,10.0
773395,9.0
773405,10.0
773414,9.0
773424,10.0
773433,9.0
773445,12.0
773459,14.0
773477,18.0
773534,57.0
773617,83.0
774117,500.0
774614,497.0
774817,203.0
775024,207.0
775177,153.0
775677,500.0
775861,184.0
776361,500.0
776587,226.0
776714,127.0
776914,200.0
777040,126.0
777146,106.0
777269,123.0
777390,121.0
777531,141.0
777743,212.0
778243,500.0
778580,337.0
779080,500.0
779580,500.0
779678,98.0
779784,106.0
779941,157.0
780072,131.0
780201,129.0
780377,176.0
780487,110.0
780663,176.0
780786,123.0
780925,139.0
781064,139.0
781201,137.0
781291,90.0
781791,500.0
782051,260.0
782551,500.0
782662,111.0
783162,500.0
783662,500.0
784162,500.0
784323,161.0
784510,187.0
784910,400.0
785334,424.0
785610,276.0
785954,344.0
786008,54.0
786039,31.0
786062,23.0
786562,500.0
787062,500.0
787562,500.0
788062,500.0
788372,310.0
788384,12.0
788395,11.0
788407,12.0
788420,13.0
788431,11.0
788443,12.0
788570,127.0
788589,19.0
788605,16.0
788623,18.0
788647,24.0
788771,124.0
788965,194.0
788981,16.0
788996,15.0
789007,11.0
789017,10.0
789026,9.0
789035,9.0
789044,9.0
789054,10.0
789064,10.0
789075,11.0
789085,10.0
789098,13.0
789114,16.0
789244,130.0
789744,500.0
790244,500.0
790744,500.0
791244,500.0
791744,500.0
792244,500.0
792476,232.0
792699,223.0
793199,500.0
793400,201.0
793553,153.0
794053,500.0
794553,500.0
794681,128.0
794919,238.0
795419,500.0
795827,408.0
796058,231.0
796159,101.0
796659,500.0
796816,157.0
796930,114.0
797041,111.0
797171,130.0
797268,97.0
797453,185.0
797588,135.0
797778,190.0
797876,98.0
797988,112.0
798488,500.0
798657,169.0
798727,70.0
798750,23.0
798762,12.0
798774,12.0
798784,10.0
798794,10.0
798802,8.0
798835,33.0
798854,19.0
798873,19.0
798887,14.0
798897,10.0
798906,9.0
798916,10.0
798929,13.0
798938,9.0
798947,9.0
798960,13.0
798976,16.0
799001,25.0
799045,44.0
799098,53.0
799453,355.0
799953,500.0
800453,500.0
800953,500.0
801453,500.0
801953,500.0
802453,500.0
802818,365.0
803166,348.0
803529,363.0
803867,338.0
804144,277.0
804469,325.0
804747,278.0
805008,261.0
805253,245.0
805484,231.0
805736,252.0
806009,273.0
806410,401.0
806910,500.0
807410,500.0
807569,159.0
807579,10.0
807589,10.0
807600,11.0
807610,10.0
807621,11.0
807629,8.0
807639,10.0
807648,9.0
807658,10.0
807667,9.0
807678,11.0
807687,9.0
807697,10.0
807708,11.0
807718,10.0
807727,9.0
807737,10.0
807746,9.0
807756,10.0
807768,12.0
807778,10.0
807787,9.0
807797,10.0
807807,10.0
807816,9.0
807824,8.0
807833,9.0
807845,12.0
807855,10.0
807865,10.0
807876,11.0
807888,12.0
807900,12.0
807910,10.0
807922,12.0
808136,214.0
808213,77.0
808265,52.0
808317,52.0
808347,30.0
808376,29.0
808414,38.0
808445,31.0
808482,37.0
808523,41.0
808567,44.0
808622,55.0
808686,64.0
808743,57.0
808796,53.0
808891,95.0
808997,106.0
809073,76.0
809156,83.0
809248,92.0
809329,81.0
809450,121.0
809547,97.0
809786,239.0
810211,425.0
810479,268.0
810714,235.0
810914,200.0
811113,199.0
811300,187.0
811511,211.0
811704,193.0
811913,209.0
812093,180.0
812266,173.0
812462,196.0
812644,182.0
812799,155.0
812977,178.0
813141,164.0
813362,221.0
813565,203.0
814065,500.0
814376,311.0
814876,500.0
815120,244.0
815403,283.0
815705,302.0
816019,314.0
816402,383.0
816677,275.0
816995,318.0
817290,295.0
817513,223.0
817759,246.0
818007,248.0
818220,213.0
818435,215.0
818689,254.0
818914,225.0
819172,258.0
819429,257.0
819716,287.0
820195,479.0
820695,500.0
821195,500.0
821520,325.0
821541,21.0
821563,22.0
822063,500.0
822086,23.0
822586,500.0
823086,500.0
823586,500.0
824086,500.0
824586,500.0
825086,500.0
825586,500.0
826086,500.0
826246,160.0
826714,468.0
826862,148.0
827362,500.0
827790,428.0
827915,125.0
828082,167.0
828582,500.0
829082,500.0
829582,500.0
830002,420.0
830486,484.0
830986,500.0
831486,500.0
831931,445.0
832060,129.0
832357,297.0
832857,500.0
833357,500.0
833530,173.0
833780,250.0
833912,132.0
834031,119.0
834172,141.0
834363,191.0
834838,475.0
835106,268.0
835400,294.0
835900,500.0
836353,453.0
836853,500.0
837353,500.0
837853,500.0
838172,319.0
838401,229.0
838508,107.0
838618,110.0
839118,500.0
839411,293.0
839683,272.0
839959,276.0
840220,261.0
840466,246.0
840477,11.0
840699,222.0
840950,251.0
841333,383.0
841601,268.0
841952,351.0
842112,160.0
842557,445.0
842986,429.0
843278,292.0
843762,484.0
844095,333.0
844198,103.0
844629,431.0
844904,275.0
845020,116.0
845167,147.0
845362,195.0
845639,277.0
845778,139.0
845964,186.0
846259,295.0
846359,100.0
846664,305.0
846925,261.0
847111,186.0
847380,269.0
847631,251.0
847914,283.0
848375,461.0
848733,358.0
849233,500.0
849614,381.0
849875,261.0
850127,252.0
850464,337.0
850916,452.0
851262,346.0
851320,58.0
851820,500.0
852274,454.0
852387,113.0
852887,500.0
853387,500.0
853887,500.0
853986,99.0
854287,301.0
854787,500.0
855279,492.0
855779,500.0
856126,347.0
856556,430.0
857056,500.0
857117,61.0
857383,266.0
857530,147.0
857807,277.0
858143,336.0
858643,500.0
859143,500.0
859643,500.0
860143,500.0
860482,339.0
860887,405.0
861387,500.0
861586,199.0
862086,500.0
862586,500.0
862883,297.0
863027,144.0
863138,111.0
863325,187.0
863825,500.0
864069,244.0
864411,342.0
864624,213.0
865124,500.0
865356,232.0
865690,334.0
865981,291.0
866273,292.0
866553,280.0
867053,500.0
867553,500.0
867852,299.0
868352,500.0
868699,347.0
869197,498.0
869597,400.0
870097,500.0
870597,500.0
871097,500.0
871227,130.0
871677,450.0
871964,287.0
872340,376.0
872830,490.0
873279,449.0
873779,500.0
874101,322.0
874113,12.0
874132,19.0
874551,419.0
875051,500.0
875551,500.0
876051,500.0
876377,326.0
876877,500.0
876915,38.0
877096,181.0
877418,322.0
877735,317.0
878074,339.0
878301,227.0
878623,322.0
878878,255.0
879378,500.0
879632,254.0
879845,213.0
880141,296.0
880255,114.0
880522,267.0
880763,241.0
881143,380.0
881290,147.0
881714,424.0
881995,281.0
882280,285.0
882676,396.0
883035,359.0
883297,262.0
883375,78.0
883631,256.0
883771,140.0
884124,353.0
884495,371.0
884672,177.0
884684,12.0
884695,11.0
884706,11.0
884716,10.0
884724,8.0
884733,9.0
884743,10.0
884752,9.0
884762,10.0
884771,9.0
884781,10.0
884789,8.0
884799,10.0
884809,10.0
884819,10.0
885133,314.0
885270,137.0
885383,113.0
885394,11.0
885405,11.0
885415,10.0
885514,99.0
885611,97.0
885635,24.0
885735,100.0
885768,33.0
885878,110.0
886006,128.0
886147,141.0
886304,157.0
886480,176.0
886654,174.0
886872,218.0
887201,329.0
887701,500.0
888103,402.0
888603,500.0
889103,500.0
889603,500.0
890103,500.0
890603,500.0
891103,500.0
891603,500.0
892103,500.0
892452,349.0
892901,449.0
893118,217.0
893618,500.0
893860,242.0
894069,209.0
894245,176.0
894304,59.0
894471,167.0
894971,500.0
895348,377.0
895848,500.0
896051,203.0
896266,215.0
896766,500.0
897266,500.0
897766,500.0
898266,500.0
898766,500.0
899266,500.0
899766,500.0
900266,500.0
900528,262.0
900801,273.0
900865,64.0
900901,36.0
901028,127.0
901080,52.0
901194,114.0
901212,18.0
901221,9.0
901229,8.0
901289,60.0
901299,10.0
901308,9.0
901383,75.0
901391,8.0
901401,10.0
901411,10.0
901422,11.0
901564,142.0
901848,284.0
902109,261.0
902438,329.0
902938,500.0
903438,500.0
903938,500.0
904438,500.0
904938,500.0
905438,500.0
905917,479.0
906330,413.0
906593,263.0
906817,224.0
907039,222.0
907294,255.0
907426,132.0
907616,190.0
907793,177.0
908030,237.0
908323,293.0
908419,96.0
908615,196.0
908905,290.0
909054,149.0
909261,207.0
909476,215.0
909700,224.0
909875,175.0
910096,221.0
910401,305.0
910502,101.0
910513,11.0
910522,9.0
910530,8.0
910539,9.0
910549,10.0
910561,12.0
910570,9.0
910696,126.0
910867,171.0
911059,192.0
911527,468.0
912027,500.0
912527,500.0
913027,500.0
913527,500.0
914027,500.0
914527,500.0
915027,500.0
915527,500.0
916027,500.0
916336,309.0
916568,232.0
916834,266.0
917098,264.0
917266,168.0
917368,102.0
917588,220.0
917842,254.0
918106,264.0
918520,414.0
918703,183.0
919079,376.0
919396,317.0
919485,89.0
919559,74.0
919574,15.0
919683,109.0
919728,45.0
919736,8.0
919745,9.0
919755,10.0
919765,10.0
919872,107.0
919881,9.0
919890,9.0
919899,9.0
919908,9.0
919918,10.0
919928,10.0
919938,10.0
919948,10.0
919958,10.0
919968,10.0
919977,9.0
919991,14.0
920140,149.0
920640,500.0
920907,267.0
921294,387.0
921794,500.0
922294,500.0
922794,500.0
923294,500.0
923794,500.0
924294,500.0
924794,500.0
925294,500.0
925794,500.0
926294,500.0
926794,500.0
927294,500.0
927794,500.0
928294,500.0
928794,500.0
929294,500.0
929646,352.0
929984,338.0
930007,23.0
930026,19.0
930044,18.0
930060,16.0
930154,94.0
930181,27.0
930269,88.0
930590,321.0
930706,116.0
930824,118.0
930941,117.0
931084,143.0
931216,132.0
931385,169.0
931782,397.0
932169,387.0
932545,376.0
933045,500.0
933152,107.0
933427,275.0
933792,365.0
934292,500.0
934492,200.0
934678,186.0
934879,201.0
935197,318.0
935381,184.0
935786,405.0
935982,196.0
936261,279.0
936404,143.0
936543,139.0
937043,500.0
937151,108.0
937651,500.0
937850,199.0
937961,111.0
938187,226.0
938330,143.0
938830,500.0
939330,500.0
939830,500.0
940307,477.0
940435,128.0
940829,394.0
941080,251.0
941565,485.0
941728,163.0
942074,346.0
942574,500.0
942830,256.0
942960,130.0
943113,153.0
943246,133.0
943374,128.0
943505,131.0
943648,143.0
943790,142.0
943922,132.0
944052,130.0
944191,139.0
944361,170.0
944414,53.0
944427,13.0
944442,15.0
944454,12.0
944676,222.0
944811,135.0
944960,149.0
945131,171.0
945292,161.0
945496,204.0
945684,188.0
945910,226.0
946123,213.0
946300,177.0
946354,54.0
946524,170.0
946710,186.0
946900,190.0
947069,169.0
947219,150.0
947418,199.0
947630,212.0
947878,248.0
948083,205.0
948244,161.0
948489,245.0
948613,124.0
948626,13.0
948638,12.0
948650,12.0
948694,44.0
949085,391.0
949485,400.0
949964,479.0
950464,500.0
950964,500.0
951285,321.0
951390,105.0
951636,246.0
951982,346.0
952482,500.0
952867,385.0
953273,406.0
953507,234.0
953701,194.0
953940,239.0
954224,284.0
954390,166.0
954624,234.0
954900,276.0
955062,162.0
955185,123.0
955277,92.0
955338,61.0
955352,14.0
955375,23.0
955875,500.0
956244,369.0
956626,382.0
957126,500.0
957596,470.0
957833,237.0
957963,130.0
958191,228.0
958403,212.0
958573,170.0
958817,244.0
959073,256.0
959379,306.0
959641,262.0
959790,149.0
960052,262.0
960271,219.0
960429,158.0
960929,500.0
961301,372.0
961747,446.0
962247,500.0
962747,500.0
963247,500.0
963460,213.0
963613,153.0
964023,410.0
964266,243.0
964282,16.0
964782,500.0
965282,500.0
965782,500.0
966282,500.0
966557,275.0
966866,309.0
967366,500.0
967421,55.0
967477,56.0
967977,500.0
968477,500.0
968977,500.0
969257,280.0
969757,500.0
969958,201.0
970458,500.0
970692,234.0
970796,104.0
970838,42.0
970931,93.0
970947,16.0
970961,14.0
971266,305.0
971766,500.0
972266,500.0
972626,360.0
972989,363.0
973414,425.0
973914,500.0
974414,500.0
974649,235.0
975149,500.0
975629,480.0
976129,500.0
976387,258.0
976721,334.0
976797,76.0
977024,227.0
977524,500.0
978024,500.0
978524,500.0
979024,500.0
979524,500.0
980024,500.0
980524,500.0
981024,500.0
981524,500.0
982024,500.0
982524,500.0
982800,276.0
982882,82.0
982895,13.0
982908,13.0
982918,10.0
982935,17.0
983181,246.0
983490,309.0
983990,500.0
984490,500.0
984990,500.0
985490,500.0
985990,500.0
986490,500.0
986990,500.0
987490,500.0
987843,353.0
987851,8.0
987860,9.0
987869,9.0
987878,9.0
987887,9.0
988077,190.0
988577,500.0
989077,500.0
989288,211.0
989551,263.0
989789,238.0
989977,188.0
990155,178.0
990362,207.0
990565,203.0
990762,197.0
991115,353.0
991335,220.0
991772,437.0
992116,344.0
992531,415.0
992766,235.0
993139,373.0
993402,263.0
993599,197.0
993918,319.0
994418,500.0
994734,316.0
995005,271.0
995505,500.0
995707,202.0
995801,94.0
995938,137.0
996112,174.0
996612,500.0
996986,374.0
997486,500.0
997986,500.0
998092,106.0
998592,500.0
998736,144.0
999236,500.0
999382,146.0
999479,97.0
999979,500.0
1000076,97.0
